mutation,fitness 1,fitness 2,fitness 3,origin aa,mutation pos,mutated aa
S140Y,1.71,3.868,5.768,S,140,Y
A35A,1.931,3.135,4.726,A,35,A
E70H,0.891,2.771,4.138,E,70,H
T113K,1.57,2.537,5.752,T,113,K
P153R,0.791,2.442,5.732,P,153,R
T46N,0.286,3.99,5.658,T,46,N
F62N,0.776,3.264,4.089,F,62,N
C57F,0.949,3.365,4.098,C,57,F
H44N,1.22,3.637,5.658,H,44,N
S199K,0.828,2.382,4.173,S,199,K
K47P,1.179,3.915,4.073,K,47,P
F62Q,1.655,3.477,5.454,F,62,Q
H44K,1.556,2.916,5.387,H,44,K
E194R,0.693,2.366,5.951,E,194,R
D4N,0.143,3.922,5.792,D,4,N
N105V,1.711,3.52,4.612,N,105,V
K216N,1.073,3.121,4.966,K,216,N
A80K,1.162,2.513,4.61,A,80,K
L75A,0.549,3.493,5.05,L,75,A
I196W,0.625,2.519,5.711,I,196,W
T110P,0.423,2.656,4.607,T,110,P
S9F,1.99,2.012,5.908,S,9,F
F62G,0.216,2.288,4.228,F,62,G
M55A,1.245,2.894,5.077,M,55,A
T103Y,1.148,2.083,4.313,T,103,Y
L13E,0.365,3.431,5.766,L,13,E
N156D,1.62,3.114,5.364,N,156,D
D182I,0.645,2.322,5.435,D,182,I
F33E,1.181,2.003,4.862,F,33,E
Y229F,0.902,2.619,5.619,Y,229,F
A65P,1.493,3.51,5.595,A,65,P
W112S,0.356,2.848,5.279,W,112,S
N221K,1.578,2.78,5.077,N,221,K
V125S,0.438,2.129,4.822,V,125,S
M186P,0.057,2.779,4.214,M,186,P
M86T,1.954,2.413,4.254,M,86,T
K216K,0.448,2.118,4.323,K,216,K
Q170Y,0.257,2.952,4.366,Q,170,Y
P153K,0.871,2.004,4.947,P,153,K
A35C,1.412,3.11,5.797,A,35,C
C57T,1.998,3.93,4.213,C,57,T
G27W,0.105,3.421,5.703,G,27,W
A32S,1.789,3.568,4.473,A,32,S
P115N,1.546,2.795,4.939,P,115,N
L127E,1.273,2.13,5.977,L,127,E
Q48F,1.477,2.046,5.997,Q,48,F
A69D,1.656,2.553,5.708,A,69,D
K102P,1.877,3.74,4.39,K,102,P
E36H,1.566,3.109,5.446,E,36,H
S199I,1.644,3.581,5.853,S,199,I
